{"cameraMode":{"drawMode":0,"name":"Shaded","section":"Shading Mode"},"sceneLighting":true,"audioPlay":false,"sceneViewState":{"showFog":true,"showMaterialUpdate":false,"showSkybox":true,"showFlares":true,"showImageEffects":true,"showParticleSystems":true},"in2DMode":false,"pivot":{"x":-34.559425354003909,"y":1.5356171131134034,"z":8.916986465454102},"rotation":{"x":-0.005726718343794346,"y":0.6800967454910278,"z":-0.005309924017637968,"w":-0.7330955266952515},"size":23.825592041015626,"orthographic":false}